id,title,content,category,published_date,source,url
1,Technology Update 1: Breakthrough in AP News Coverage,"This technology report summarizes recent developments reported by AP News. It highlights key facts, stakeholder reactions, and expected next steps. The situation remains dynamic, and officials recommend monitoring verified updates.",Technology,2025-08-07,AP News,https://news.example.com/technology/1
2,Sports Update 2: Developments in Reuters Coverage,"This sports report summarizes recent developments reported by Reuters. It highlights key facts, stakeholder reactions, and expected next steps. The situation remains dynamic, and officials recommend monitoring verified updates.",Sports,2025-08-02,Reuters,https://news.example.com/sports/2
3,Entertainment Update 3: Developments in TechCrunch Coverage,"This entertainment report summarizes recent developments reported by TechCrunch. It highlights key facts, stakeholder reactions, and expected next steps. The situation remains dynamic, and officials recommend monitoring verified updates.",Entertainment,2025-08-02,TechCrunch,https://news.example.com/entertainment/3
4,Technology Update 4: Breakthrough in TechCrunch Coverage,"This technology report summarizes recent developments reported by TechCrunch. It highlights key facts, stakeholder reactions, and expected next steps. The situation remains dynamic, and officials recommend monitoring verified updates.",Technology,2025-08-01,TechCrunch,https://news.example.com/technology/4
5,Health Update 5: Developments in AP News Coverage,"This health report summarizes recent developments reported by AP News. It highlights key facts, stakeholder reactions, and expected next steps. The situation remains dynamic, and officials recommend monitoring verified updates.",Health,2025-08-01,AP News,https://news.example.com/health/5
6,World Update 6: Developments in The Verge Coverage,"This world report summarizes recent developments reported by The Verge. It highlights key facts, stakeholder reactions, and expected next steps. The situation remains dynamic, and officials recommend monitoring verified updates.",World,2025-08-07,The Verge,https://news.example.com/world/6
7,World Update 7: Developments in AP News Coverage,"This world report summarizes recent developments reported by AP News. It highlights key facts, stakeholder reactions, and expected next steps. The situation remains dynamic, and officials recommend monitoring verified updates.",World,2025-08-02,AP News,https://news.example.com/world/7
8,Health Update 8: Developments in The Verge Coverage,"This health report summarizes recent developments reported by The Verge. It highlights key facts, stakeholder reactions, and expected next steps. The situation remains dynamic, and officials recommend monitoring verified updates.",Health,2025-08-01,The Verge,https://news.example.com/health/8
9,Entertainment Update 9: Developments in TechCrunch Coverage,"This entertainment report summarizes recent developments reported by TechCrunch. It highlights key facts, stakeholder reactions, and expected next steps. The situation remains dynamic, and officials recommend monitoring verified updates.",Entertainment,2025-08-02,TechCrunch,https://news.example.com/entertainment/9
10,Business Update 10: Market in NYTimes Coverage,"This business report summarizes recent developments reported by NYTimes. It highlights key facts, stakeholder reactions, and expected next steps. The situation remains dynamic, and officials recommend monitoring verified updates.",Business,2025-08-11,NYTimes,https://news.example.com/business/10
11,Health Update 11: Developments in Reuters Coverage,"This health report summarizes recent developments reported by Reuters. It highlights key facts, stakeholder reactions, and expected next steps. The situation remains dynamic, and officials recommend monitoring verified updates.",Health,2025-08-10,Reuters,https://news.example.com/health/11
12,Health Update 12: Developments in The Verge Coverage,"This health report summarizes recent developments reported by The Verge. It highlights key facts, stakeholder reactions, and expected next steps. The situation remains dynamic, and officials recommend monitoring verified updates.",Health,2025-08-01,The Verge,https://news.example.com/health/12
13,Business Update 13: Market in Reuters Coverage,"This business report summarizes recent developments reported by Reuters. It highlights key facts, stakeholder reactions, and expected next steps. The situation remains dynamic, and officials recommend monitoring verified updates.",Business,2025-08-09,Reuters,https://news.example.com/business/13
14,Entertainment Update 14: Developments in AP News Coverage,"This entertainment report summarizes recent developments reported by AP News. It highlights key facts, stakeholder reactions, and expected next steps. The situation remains dynamic, and officials recommend monitoring verified updates.",Entertainment,2025-08-05,AP News,https://news.example.com/entertainment/14
15,Science Update 15: Breakthrough in AP News Coverage,"This science report summarizes recent developments reported by AP News. It highlights key facts, stakeholder reactions, and expected next steps. The situation remains dynamic, and officials recommend monitoring verified updates.",Science,2025-08-09,AP News,https://news.example.com/science/15
16,World Update 16: Developments in TechCrunch Coverage,"This world report summarizes recent developments reported by TechCrunch. It highlights key facts, stakeholder reactions, and expected next steps. The situation remains dynamic, and officials recommend monitoring verified updates.",World,2025-08-05,TechCrunch,https://news.example.com/world/16
17,Health Update 17: Developments in Al Jazeera Coverage,"This health report summarizes recent developments reported by Al Jazeera. It highlights key facts, stakeholder reactions, and expected next steps. The situation remains dynamic, and officials recommend monitoring verified updates.",Health,2025-08-11,Al Jazeera,https://news.example.com/health/17
18,Business Update 18: Market in Reuters Coverage,"This business report summarizes recent developments reported by Reuters. It highlights key facts, stakeholder reactions, and expected next steps. The situation remains dynamic, and officials recommend monitoring verified updates.",Business,2025-08-10,Reuters,https://news.example.com/business/18
19,Health Update 19: Developments in NYTimes Coverage,"This health report summarizes recent developments reported by NYTimes. It highlights key facts, stakeholder reactions, and expected next steps. The situation remains dynamic, and officials recommend monitoring verified updates.",Health,2025-08-04,NYTimes,https://news.example.com/health/19
20,Technology Update 20: Breakthrough in Reuters Coverage,"This technology report summarizes recent developments reported by Reuters. It highlights key facts, stakeholder reactions, and expected next steps. The situation remains dynamic, and officials recommend monitoring verified updates.",Technology,2025-08-09,Reuters,https://news.example.com/technology/20
21,Sports Update 21: Developments in Reuters Coverage,"This sports report summarizes recent developments reported by Reuters. It highlights key facts, stakeholder reactions, and expected next steps. The situation remains dynamic, and officials recommend monitoring verified updates.",Sports,2025-08-10,Reuters,https://news.example.com/sports/21
22,World Update 22: Developments in TechCrunch Coverage,"This world report summarizes recent developments reported by TechCrunch. It highlights key facts, stakeholder reactions, and expected next steps. The situation remains dynamic, and officials recommend monitoring verified updates.",World,2025-08-04,TechCrunch,https://news.example.com/world/22
23,Science Update 23: Breakthrough in NYTimes Coverage,"This science report summarizes recent developments reported by NYTimes. It highlights key facts, stakeholder reactions, and expected next steps. The situation remains dynamic, and officials recommend monitoring verified updates.",Science,2025-08-09,NYTimes,https://news.example.com/science/23
24,Science Update 24: Breakthrough in Al Jazeera Coverage,"This science report summarizes recent developments reported by Al Jazeera. It highlights key facts, stakeholder reactions, and expected next steps. The situation remains dynamic, and officials recommend monitoring verified updates.",Science,2025-08-06,Al Jazeera,https://news.example.com/science/24
25,Science Update 25: Breakthrough in TechCrunch Coverage,"This science report summarizes recent developments reported by TechCrunch. It highlights key facts, stakeholder reactions, and expected next steps. The situation remains dynamic, and officials recommend monitoring verified updates.",Science,2025-08-15,TechCrunch,https://news.example.com/science/25
26,Science Update 26: Breakthrough in BBC Coverage,"This science report summarizes recent developments reported by BBC. It highlights key facts, stakeholder reactions, and expected next steps. The situation remains dynamic, and officials recommend monitoring verified updates.",Science,2025-08-05,BBC,https://news.example.com/science/26
27,Business Update 27: Market in Al Jazeera Coverage,"This business report summarizes recent developments reported by Al Jazeera. It highlights key facts, stakeholder reactions, and expected next steps. The situation remains dynamic, and officials recommend monitoring verified updates.",Business,2025-08-03,Al Jazeera,https://news.example.com/business/27
28,Sports Update 28: Developments in Al Jazeera Coverage,"This sports report summarizes recent developments reported by Al Jazeera. It highlights key facts, stakeholder reactions, and expected next steps. The situation remains dynamic, and officials recommend monitoring verified updates.",Sports,2025-08-04,Al Jazeera,https://news.example.com/sports/28
29,World Update 29: Developments in TechCrunch Coverage,"This world report summarizes recent developments reported by TechCrunch. It highlights key facts, stakeholder reactions, and expected next steps. The situation remains dynamic, and officials recommend monitoring verified updates.",World,2025-08-05,TechCrunch,https://news.example.com/world/29
30,Health Update 30: Developments in The Verge Coverage,"This health report summarizes recent developments reported by The Verge. It highlights key facts, stakeholder reactions, and expected next steps. The situation remains dynamic, and officials recommend monitoring verified updates.",Health,2025-08-15,The Verge,https://news.example.com/health/30
31,Technology Update 31: Breakthrough in NYTimes Coverage,"This technology report summarizes recent developments reported by NYTimes. It highlights key facts, stakeholder reactions, and expected next steps. The situation remains dynamic, and officials recommend monitoring verified updates.",Technology,2025-08-08,NYTimes,https://news.example.com/technology/31
32,Technology Update 32: Breakthrough in TechCrunch Coverage,"This technology report summarizes recent developments reported by TechCrunch. It highlights key facts, stakeholder reactions, and expected next steps. The situation remains dynamic, and officials recommend monitoring verified updates.",Technology,2025-08-02,TechCrunch,https://news.example.com/technology/32
33,World Update 33: Developments in TechCrunch Coverage,"This world report summarizes recent developments reported by TechCrunch. It highlights key facts, stakeholder reactions, and expected next steps. The situation remains dynamic, and officials recommend monitoring verified updates.",World,2025-08-07,TechCrunch,https://news.example.com/world/33
34,Business Update 34: Market in Al Jazeera Coverage,"This business report summarizes recent developments reported by Al Jazeera. It highlights key facts, stakeholder reactions, and expected next steps. The situation remains dynamic, and officials recommend monitoring verified updates.",Business,2025-08-06,Al Jazeera,https://news.example.com/business/34
35,Business Update 35: Market in The Verge Coverage,"This business report summarizes recent developments reported by The Verge. It highlights key facts, stakeholder reactions, and expected next steps. The situation remains dynamic, and officials recommend monitoring verified updates.",Business,2025-08-07,The Verge,https://news.example.com/business/35
36,World Update 36: Developments in NYTimes Coverage,"This world report summarizes recent developments reported by NYTimes. It highlights key facts, stakeholder reactions, and expected next steps. The situation remains dynamic, and officials recommend monitoring verified updates.",World,2025-08-02,NYTimes,https://news.example.com/world/36
37,Entertainment Update 37: Developments in TechCrunch Coverage,"This entertainment report summarizes recent developments reported by TechCrunch. It highlights key facts, stakeholder reactions, and expected next steps. The situation remains dynamic, and officials recommend monitoring verified updates.",Entertainment,2025-08-10,TechCrunch,https://news.example.com/entertainment/37
38,Entertainment Update 38: Developments in Al Jazeera Coverage,"This entertainment report summarizes recent developments reported by Al Jazeera. It highlights key facts, stakeholder reactions, and expected next steps. The situation remains dynamic, and officials recommend monitoring verified updates.",Entertainment,2025-08-06,Al Jazeera,https://news.example.com/entertainment/38
39,Technology Update 39: Breakthrough in NYTimes Coverage,"This technology report summarizes recent developments reported by NYTimes. It highlights key facts, stakeholder reactions, and expected next steps. The situation remains dynamic, and officials recommend monitoring verified updates.",Technology,2025-08-06,NYTimes,https://news.example.com/technology/39
40,Health Update 40: Developments in The Verge Coverage,"This health report summarizes recent developments reported by The Verge. It highlights key facts, stakeholder reactions, and expected next steps. The situation remains dynamic, and officials recommend monitoring verified updates.",Health,2025-08-10,The Verge,https://news.example.com/health/40
41,Entertainment Update 41: Developments in The Verge Coverage,"This entertainment report summarizes recent developments reported by The Verge. It highlights key facts, stakeholder reactions, and expected next steps. The situation remains dynamic, and officials recommend monitoring verified updates.",Entertainment,2025-08-02,The Verge,https://news.example.com/entertainment/41
42,Entertainment Update 42: Developments in Reuters Coverage,"This entertainment report summarizes recent developments reported by Reuters. It highlights key facts, stakeholder reactions, and expected next steps. The situation remains dynamic, and officials recommend monitoring verified updates.",Entertainment,2025-08-05,Reuters,https://news.example.com/entertainment/42
43,Science Update 43: Breakthrough in NYTimes Coverage,"This science report summarizes recent developments reported by NYTimes. It highlights key facts, stakeholder reactions, and expected next steps. The situation remains dynamic, and officials recommend monitoring verified updates.",Science,2025-08-11,NYTimes,https://news.example.com/science/43
44,World Update 44: Developments in Reuters Coverage,"This world report summarizes recent developments reported by Reuters. It highlights key facts, stakeholder reactions, and expected next steps. The situation remains dynamic, and officials recommend monitoring verified updates.",World,2025-08-12,Reuters,https://news.example.com/world/44
45,Sports Update 45: Developments in BBC Coverage,"This sports report summarizes recent developments reported by BBC. It highlights key facts, stakeholder reactions, and expected next steps. The situation remains dynamic, and officials recommend monitoring verified updates.",Sports,2025-08-11,BBC,https://news.example.com/sports/45
46,Health Update 46: Developments in NYTimes Coverage,"This health report summarizes recent developments reported by NYTimes. It highlights key facts, stakeholder reactions, and expected next steps. The situation remains dynamic, and officials recommend monitoring verified updates.",Health,2025-08-14,NYTimes,https://news.example.com/health/46
47,Science Update 47: Breakthrough in BBC Coverage,"This science report summarizes recent developments reported by BBC. It highlights key facts, stakeholder reactions, and expected next steps. The situation remains dynamic, and officials recommend monitoring verified updates.",Science,2025-08-12,BBC,https://news.example.com/science/47
48,Science Update 48: Breakthrough in NYTimes Coverage,"This science report summarizes recent developments reported by NYTimes. It highlights key facts, stakeholder reactions, and expected next steps. The situation remains dynamic, and officials recommend monitoring verified updates.",Science,2025-08-06,NYTimes,https://news.example.com/science/48
49,World Update 49: Developments in The Verge Coverage,"This world report summarizes recent developments reported by The Verge. It highlights key facts, stakeholder reactions, and expected next steps. The situation remains dynamic, and officials recommend monitoring verified updates.",World,2025-08-06,The Verge,https://news.example.com/world/49
50,Business Update 50: Market in TechCrunch Coverage,"This business report summarizes recent developments reported by TechCrunch. It highlights key facts, stakeholder reactions, and expected next steps. The situation remains dynamic, and officials recommend monitoring verified updates.",Business,2025-08-02,TechCrunch,https://news.example.com/business/50
51,Science Update 51: Breakthrough in Reuters Coverage,"This science report summarizes recent developments reported by Reuters. It highlights key facts, stakeholder reactions, and expected next steps. The situation remains dynamic, and officials recommend monitoring verified updates.",Science,2025-08-04,Reuters,https://news.example.com/science/51
52,Entertainment Update 52: Developments in BBC Coverage,"This entertainment report summarizes recent developments reported by BBC. It highlights key facts, stakeholder reactions, and expected next steps. The situation remains dynamic, and officials recommend monitoring verified updates.",Entertainment,2025-08-03,BBC,https://news.example.com/entertainment/52
53,Sports Update 53: Developments in AP News Coverage,"This sports report summarizes recent developments reported by AP News. It highlights key facts, stakeholder reactions, and expected next steps. The situation remains dynamic, and officials recommend monitoring verified updates.",Sports,2025-08-07,AP News,https://news.example.com/sports/53
54,Science Update 54: Breakthrough in Al Jazeera Coverage,"This science report summarizes recent developments reported by Al Jazeera. It highlights key facts, stakeholder reactions, and expected next steps. The situation remains dynamic, and officials recommend monitoring verified updates.",Science,2025-08-08,Al Jazeera,https://news.example.com/science/54
55,World Update 55: Developments in AP News Coverage,"This world report summarizes recent developments reported by AP News. It highlights key facts, stakeholder reactions, and expected next steps. The situation remains dynamic, and officials recommend monitoring verified updates.",World,2025-08-08,AP News,https://news.example.com/world/55
56,Science Update 56: Breakthrough in TechCrunch Coverage,"This science report summarizes recent developments reported by TechCrunch. It highlights key facts, stakeholder reactions, and expected next steps. The situation remains dynamic, and officials recommend monitoring verified updates.",Science,2025-08-05,TechCrunch,https://news.example.com/science/56
57,Business Update 57: Market in Al Jazeera Coverage,"This business report summarizes recent developments reported by Al Jazeera. It highlights key facts, stakeholder reactions, and expected next steps. The situation remains dynamic, and officials recommend monitoring verified updates.",Business,2025-08-07,Al Jazeera,https://news.example.com/business/57
58,Entertainment Update 58: Developments in TechCrunch Coverage,"This entertainment report summarizes recent developments reported by TechCrunch. It highlights key facts, stakeholder reactions, and expected next steps. The situation remains dynamic, and officials recommend monitoring verified updates.",Entertainment,2025-08-05,TechCrunch,https://news.example.com/entertainment/58
59,Sports Update 59: Developments in The Verge Coverage,"This sports report summarizes recent developments reported by The Verge. It highlights key facts, stakeholder reactions, and expected next steps. The situation remains dynamic, and officials recommend monitoring verified updates.",Sports,2025-08-06,The Verge,https://news.example.com/sports/59
60,Sports Update 60: Developments in The Verge Coverage,"This sports report summarizes recent developments reported by The Verge. It highlights key facts, stakeholder reactions, and expected next steps. The situation remains dynamic, and officials recommend monitoring verified updates.",Sports,2025-08-04,The Verge,https://news.example.com/sports/60
61,Business Update 61: Market in Reuters Coverage,"This business report summarizes recent developments reported by Reuters. It highlights key facts, stakeholder reactions, and expected next steps. The situation remains dynamic, and officials recommend monitoring verified updates.",Business,2025-08-03,Reuters,https://news.example.com/business/61
62,Business Update 62: Market in AP News Coverage,"This business report summarizes recent developments reported by AP News. It highlights key facts, stakeholder reactions, and expected next steps. The situation remains dynamic, and officials recommend monitoring verified updates.",Business,2025-08-11,AP News,https://news.example.com/business/62
63,Business Update 63: Market in Reuters Coverage,"This business report summarizes recent developments reported by Reuters. It highlights key facts, stakeholder reactions, and expected next steps. The situation remains dynamic, and officials recommend monitoring verified updates.",Business,2025-08-08,Reuters,https://news.example.com/business/63
64,Entertainment Update 64: Developments in TechCrunch Coverage,"This entertainment report summarizes recent developments reported by TechCrunch. It highlights key facts, stakeholder reactions, and expected next steps. The situation remains dynamic, and officials recommend monitoring verified updates.",Entertainment,2025-08-03,TechCrunch,https://news.example.com/entertainment/64
65,Technology Update 65: Breakthrough in BBC Coverage,"This technology report summarizes recent developments reported by BBC. It highlights key facts, stakeholder reactions, and expected next steps. The situation remains dynamic, and officials recommend monitoring verified updates.",Technology,2025-08-01,BBC,https://news.example.com/technology/65
66,Business Update 66: Market in The Verge Coverage,"This business report summarizes recent developments reported by The Verge. It highlights key facts, stakeholder reactions, and expected next steps. The situation remains dynamic, and officials recommend monitoring verified updates.",Business,2025-08-09,The Verge,https://news.example.com/business/66
67,Technology Update 67: Breakthrough in TechCrunch Coverage,"This technology report summarizes recent developments reported by TechCrunch. It highlights key facts, stakeholder reactions, and expected next steps. The situation remains dynamic, and officials recommend monitoring verified updates.",Technology,2025-08-10,TechCrunch,https://news.example.com/technology/67
68,Technology Update 68: Breakthrough in AP News Coverage,"This technology report summarizes recent developments reported by AP News. It highlights key facts, stakeholder reactions, and expected next steps. The situation remains dynamic, and officials recommend monitoring verified updates.",Technology,2025-08-12,AP News,https://news.example.com/technology/68
69,Entertainment Update 69: Developments in TechCrunch Coverage,"This entertainment report summarizes recent developments reported by TechCrunch. It highlights key facts, stakeholder reactions, and expected next steps. The situation remains dynamic, and officials recommend monitoring verified updates.",Entertainment,2025-08-10,TechCrunch,https://news.example.com/entertainment/69
70,Sports Update 70: Developments in NYTimes Coverage,"This sports report summarizes recent developments reported by NYTimes. It highlights key facts, stakeholder reactions, and expected next steps. The situation remains dynamic, and officials recommend monitoring verified updates.",Sports,2025-08-12,NYTimes,https://news.example.com/sports/70
71,World Update 71: Developments in The Verge Coverage,"This world report summarizes recent developments reported by The Verge. It highlights key facts, stakeholder reactions, and expected next steps. The situation remains dynamic, and officials recommend monitoring verified updates.",World,2025-08-15,The Verge,https://news.example.com/world/71
72,Entertainment Update 72: Developments in Al Jazeera Coverage,"This entertainment report summarizes recent developments reported by Al Jazeera. It highlights key facts, stakeholder reactions, and expected next steps. The situation remains dynamic, and officials recommend monitoring verified updates.",Entertainment,2025-08-14,Al Jazeera,https://news.example.com/entertainment/72
73,Sports Update 73: Developments in Al Jazeera Coverage,"This sports report summarizes recent developments reported by Al Jazeera. It highlights key facts, stakeholder reactions, and expected next steps. The situation remains dynamic, and officials recommend monitoring verified updates.",Sports,2025-08-09,Al Jazeera,https://news.example.com/sports/73
74,Science Update 74: Breakthrough in The Verge Coverage,"This science report summarizes recent developments reported by The Verge. It highlights key facts, stakeholder reactions, and expected next steps. The situation remains dynamic, and officials recommend monitoring verified updates.",Science,2025-08-07,The Verge,https://news.example.com/science/74
75,Science Update 75: Breakthrough in Reuters Coverage,"This science report summarizes recent developments reported by Reuters. It highlights key facts, stakeholder reactions, and expected next steps. The situation remains dynamic, and officials recommend monitoring verified updates.",Science,2025-08-08,Reuters,https://news.example.com/science/75
76,Sports Update 76: Developments in The Verge Coverage,"This sports report summarizes recent developments reported by The Verge. It highlights key facts, stakeholder reactions, and expected next steps. The situation remains dynamic, and officials recommend monitoring verified updates.",Sports,2025-08-01,The Verge,https://news.example.com/sports/76
77,Business Update 77: Market in Reuters Coverage,"This business report summarizes recent developments reported by Reuters. It highlights key facts, stakeholder reactions, and expected next steps. The situation remains dynamic, and officials recommend monitoring verified updates.",Business,2025-08-04,Reuters,https://news.example.com/business/77
78,Science Update 78: Breakthrough in AP News Coverage,"This science report summarizes recent developments reported by AP News. It highlights key facts, stakeholder reactions, and expected next steps. The situation remains dynamic, and officials recommend monitoring verified updates.",Science,2025-08-02,AP News,https://news.example.com/science/78
79,Technology Update 79: Breakthrough in TechCrunch Coverage,"This technology report summarizes recent developments reported by TechCrunch. It highlights key facts, stakeholder reactions, and expected next steps. The situation remains dynamic, and officials recommend monitoring verified updates.",Technology,2025-08-01,TechCrunch,https://news.example.com/technology/79
80,World Update 80: Developments in Reuters Coverage,"This world report summarizes recent developments reported by Reuters. It highlights key facts, stakeholder reactions, and expected next steps. The situation remains dynamic, and officials recommend monitoring verified updates.",World,2025-08-10,Reuters,https://news.example.com/world/80
